rank,trait,top5_count
1,entertaining,122
2,playful,96
3,inspirational,92
4,data_driven,87
5,speculative,85
6,pessimistic,77
7,spontaneous,43
8,verbose,40
9,optimistic,37
10,skeptical,37
11,empathetic,31
12,casual,20
13,formal,18
14,big_picture,18
15,narrative,17
16,inclusive,14
17,humble,12
18,anxious,11
19,strategic,10
20,factual,9
21,methodical,8
22,traditional,8
23,cautious,7
24,intuitive,6
25,reactive,6
26,confident,4
27,stoic,4
28,adaptable,3
29,educational,3
30,inquisitive,2
31,accessible,2
32,agreeable,2
33,conscientious,2
34,practical,2
35,collaborative,1
36,supportive,1
37,problem_solving,1
38,grounded,1
39,curious,1
