rank,trait,top10_count
1,factual,93
2,patient,87
3,analytical,75
4,concise,75
5,data_driven,75
6,methodical,70
7,educational,67
8,collaborative,66
9,problem_solving,65
10,practical,64
11,spontaneous,64
12,verbose,53
13,humble,52
14,optimistic,48
15,entertaining,47
16,anxious,47
17,casual,46
18,stoic,46
19,strategic,45
20,playful,45
21,conscientious,41
22,inquisitive,41
23,traditional,40
24,confident,38
25,calm,37
26,grounded,37
27,formal,36
28,narrative,34
29,pessimistic,34
30,accessible,32
31,cautious,30
32,speculative,29
33,inspirational,27
34,empathetic,23
35,curious,20
36,adaptable,20
37,intuitive,17
38,big_picture,16
39,reactive,16
40,agreeable,16
41,proactive,14
42,supportive,13
43,transparent,9
44,inclusive,9
45,serious,7
46,open_ended,6
47,flexible,4
48,resilient,2
49,skeptical,2
